abbreviation,last_updated,naloxone_legal_status,gs_exists,gs_scope,pharmacy_mechanism,medicaid_notes,typical_cost,how_to_get_quickly,barriers
AK,2026-04-17,Pharmacist Independent Prescribing,TRUE,Protects caller and victim if seeking medical help.,Pharmacists prescribe independently.,Covered.,OTC ~$45-65,Pharmacy or Project HOPE partner.,Remote villages lack pharmacies; rely on mail/community programs.
AL,2026-04-17,Prescription/Standing Order/OTC,TRUE,Protects caller (using real name/staying at scene) from misdemeanor possession charges.,Statewide standing order.,Medicaid covers with $0-3 copay.,OTC ~$45-65,Fastest: Pharmacy (Standing Order/OTC) or Jefferson County Health Dept.,Rural access limited; cost for uninsured. Use mail programs.
AR,2026-04-17,Statewide Protocol,TRUE,Caller protected if acting in good faith.,Pharmacists initiate therapy under protocol.,Medicaid covers.,OTC ~$45-65,Pharmacy protocol or County Health Dept.,Rural access; use NEXT Distro.
AZ,2026-04-17,Statewide Standing Order,TRUE,Protects caller/victim from possession charges.,Dispense under standing order.,AHCCCS covers (no copay).,OTC ~$45-65,Walk into any pharmacy; no Rx needed.,Cost for uninsured; use community programs.
CA,2026-04-17,Pharmacist Furnishing Protocol,TRUE,Broad protection for caller/victim.,Pharmacists furnish under protocol.,Medi-Cal covers ($0 copay).,OTC ~$45-65,Pharmacy (ask for furnishing) or County Health Dept.,Cost is main barrier; use free programs.
CO,2026-04-17,Statewide Standing Order,TRUE,Protects caller/victim; includes expired naloxone.,Dispense under standing order.,"Covered, no copay.",OTC ~$45,Pharmacy standing order or Harm Reduction Action Center.,Rural access limited; use mail programs.
CT,2026-04-17,Pharmacist Prescribing Protocol,TRUE,Protects caller/victim from prosecution.,Certified pharmacists prescribe.,Covered (HUSKY).,OTC ~$45,Pharmacy with certified pharmacist or local health dept.,Use DCP map to find certified pharmacists.
DE,2026-04-17,Standing Order / Community Access,TRUE,Protects public safety/laypersons.,Dispense under standing order.,"Covered, no copay.",OTC ~$45,State mail program (free) or pharmacy.,Training requirement (online video) for mail program.
FL,2026-04-17,Statewide Standing Order,TRUE,Civil immunity for administration.,Pharmacists dispense to anyone.,Covered.,OTC ~$45-50,Pharmacy standing order or iSaveFL locator.,Cost if uninsured; use state program.
GA,2026-04-17,Statewide Standing Order,TRUE,Protects administrator from liability.,Pharmacists dispense to anyone.,Covered.,OTC ~$45,Pharmacy or Georgia Overdose Prevention request form.,Rural access; use mail programs.
HI,UNKNOWN,UNKNOWN,TRUE,Protects caller/victim from drug/paraphernalia charges.,Pharmacist prescriptive authority.,Covered (QUEST).,OTC ~$45-50,Pharmacy or HHHRC (Oahu).,Neighbor islands isolation; use mail order.
IA,2026-06-10,UNKNOWN,TRUE,One-time immunity for reporter.,Statewide standing order.,Covered.,OTC ~$45,"State TeleNaloxone mail program ENDED Sept 2024. Find free kits at participating pharmacies, community orgs, and vending machines via https://www.naloxoneiowa.org",No state mail program anymore; Good Samaritan immunity is one-time-only.
ID,UNKNOWN,UNKNOWN,TRUE,"Immunity for administration, NOT possession.",Pharmacist prescriptive authority.,Covered.,OTC ~$45,Pharmacy or IHRP mail delivery.,Weak legal immunity; mail order preferred for privacy.
IL,UNKNOWN,UNKNOWN,TRUE,Possession immunity with strict quantity limits.,Statewide Standing Order.,Covered.,OTC ~$45,Pharmacy or CRA vans (Chicago).,Quantity limits in immunity law.
IN,UNKNOWN,UNKNOWN,TRUE,Immunity for possession if naloxone administered.,Aaron's Law / Standing Order.,Covered.,OTC ~$45,OptIN.in.gov locator or NaloxBoxes.,Rural access; check NaloxBox locations.
KS,2026-06-10,UNKNOWN,TRUE,"NEW: SB 419 (2024) — immunity from prosecution for possession/use for the caller and the person overdosing. Excludes people on parole, probation, or work release.",Statewide protocol.,Covered ($0-3 copay).,OTC ~$45,Free kits + test strips mailed by DCCCA (https://www.dccca.org/naloxone) or pharmacy. DCCCA also stocks free vending machines in 8 cities.,New (2024) immunity law has low awareness and excludes people under supervision.
KY,UNKNOWN,UNKNOWN,TRUE,Protects caller/victim from possession/use charges.,Pharmacy protocol.,Covered.,OTC ~$45,FindNaloxoneNowKY.org locator or Pharmacy.,Rural access; use NEXT Distro.
LA,UNKNOWN,UNKNOWN,TRUE,Protects caller/victim from possession charges.,Statewide standing order.,Covered (no copay).,OTC ~$45,Pharmacy or NEXT Distro/Trystereo.,Cost minimized by Medicaid/Free programs.
MA,UNKNOWN,UNKNOWN,TRUE,Protects from possession/parole violations.,Statewide standing order.,MassHealth: $0 copay.,OTC ~$45,Pharmacy (MassHealth covers) or CNP site.,Copays for private insurance; use CNP.
MD,UNKNOWN,UNKNOWN,TRUE,Protects caller/victim from possession charges.,Statewide standing order.,Covered.,OTC ~$45,Pharmacy or NEXT Distro.,Urban/Rural divide; mail order available.
ME,UNKNOWN,UNKNOWN,TRUE,Broadest: protects from ALL non-violent drug crimes.,Standing order.,Covered.,OTC ~$45,Maine Access Points or Pharmacy.,Rural geography; use MAP tiered network.
MI,UNKNOWN,UNKNOWN,TRUE,Limited to personal use amounts.,Standing order.,Covered.,OTC ~$45,Pharmacy or NEXT Distro.,Rural access; mail order is key.
MN,UNKNOWN,UNKNOWN,TRUE,Steve's Law: Immunity for possession/sharing.,Protocol.,Covered.,OTC ~$45,Naloxone Finder Tool or Pharmacy.,Rural north; use mail order.
MO,UNKNOWN,UNKNOWN,TRUE,Possession/paraphernalia immunity.,Statewide standing order.,Covered.,OTC ~$45,NEXT Distro or Pharmacy.,Rural stigma; mail order recommended.
MS,UNKNOWN,UNKNOWN,TRUE,Narrow: very small amounts only.,Standing order (voluntary participation).,Covered.,OTC ~$45,NEXT Distro or MS Harm Reduction.,Pharmacy refusal common; mail order reliable.
MT,UNKNOWN,UNKNOWN,TRUE,Protects against possession charges.,Statewide standing order.,Covered.,OTC ~$45,Open Aid Alliance (mail or in-person).,Geography; mail order essential.
NC,UNKNOWN,UNKNOWN,TRUE,Protects caller/victim from possession charges.,Statewide standing order.,Covered.,OTC ~$45,NCHRC or Pharmacy.,Rural access; NCHRC has wide reach.
ND,UNKNOWN,UNKNOWN,TRUE,Protects up to 3 people/incident.,Pharmacist authority.,Covered.,OTC ~$45,Call ND HHS for mail or Pharmacy.,Rural sparse population; mail order key.
NE,UNKNOWN,UNKNOWN,TRUE,Evidentiary suppression rule.,Standing order.,Covered.,OTC ~$45,StopODNE.com pharmacy locator.,Rural awareness; use StopODNE map.
NH,UNKNOWN,UNKNOWN,TRUE,Protects from possession arrest/prosecution.,Standing order.,Covered.,OTC ~$45,Call 2-1-1 or visit Doorway hub.,Travel to hubs; mail order backup.
NJ,UNKNOWN,UNKNOWN,TRUE,Immunity for use/simple possession.,Standing order / Naloxone365.,Covered.,Free (Naloxone365),Naloxone365 Pharmacy (Free) or NJHRC.,Excellent access via Naloxone365.
NM,UNKNOWN,UNKNOWN,TRUE,Protects caller and victim from possession charges.,Standing order.,Covered (no copay).,OTC ~$45,Pharmacy or CORE virtual program.,Rural access; CORE program ships statewide.
NV,UNKNOWN,UNKNOWN,TRUE,Immunity for possession/use.,Standing order.,Covered.,OTC ~$45,Trac-B vending machines (Vegas) or Pharmacy.,Rural isolation; mail order needed.
NY,UNKNOWN,UNKNOWN,TRUE,Protects helper/victim from possession charges.,Statewide standing order.,Covered.,OTC ~$45,Pharmacy or Registered OEND Program.,Cost; use OEND or Medicaid.
OH,UNKNOWN,UNKNOWN,TRUE,"Protects seeker, helper, victim.",Standing order.,Covered.,OTC ~$45,Project DAWN site or Pharmacy.,Project DAWN is very widespread.
OK,2026-06-10,UNKNOWN,TRUE,Protects helper only (not victim).,Pharmacist authority.,Covered.,OTC ~$45,"State vending machines were REMOVED end of 2024. Order free Narcan + fentanyl test strips by mail at https://okimready.org, or https://nextdistro.org/oklahoma",Victim not protected by Good Samaritan law; mail order is now the main free channel.
OR,UNKNOWN,UNKNOWN,TRUE,Protects caller and victim.,Pharmacist prescribing.,Covered (OHP free).,OTC ~$45,Pharmacy (OHP free) or County Health.,Cost if uninsured; use county health.
PA,2026-03-28,LEGAL — Naloxone is legal in Pennsylvania and available statewide under a Department of Health naloxone standing order that serves as a prescription for the general public and community organizations.,TRUE,"Limited immunity from charge and prosecution for personal-use drug possession, paraphernalia, and some probation/parole violations when someone in good faith reports an overdose, reasonably believes an overdose is occurring, stays with the victim, and cooperates with responders; the victim’s immunity is contingent on the caller qualifying.","Statewide standing order and OTC — many pharmacies can dispense prescription naloxone under the statewide standing order or sell FDA-approved OTC naloxone, and the standing order can be used to obtain insurance coverage for OTC products.","Covered — Pennsylvania Medical Assistance fee‑for‑service and managed care plans will pay for naloxone for beneficiaries when billed under the standing order, with no prior authorization and no limit on the number of times naloxone can be purchased through Medical Assistance.","~$40–50 USD cash price per two‑dose box of naloxone nasal spray at retail pharmacies (e.g., GoodRx shows around 44 USD discounted price versus a list price in the high 60s for a box of two 4 mg sprays).",Walk into a participating pharmacy and use the statewide standing order or buy OTC; request a free kit via the statewide Mail‑to‑Home Naloxone Program operated with Prevention Point Pittsburgh and NEXT Distro; or obtain no‑cost naloxone from local Overdose Prevention Program and other community partners.,"Immunity rules are conditional and can be confusing (contingent on caller behavior and covering only some offenses), not all pharmacies stock or actively promote naloxone, and people may face stigma or uncertainty about when they are legally protected."
RI,UNKNOWN,UNKNOWN,TRUE,Comprehensive protection.,Collaborative practice.,Fully covered.,OTC ~$45,Pharmacy or URI Mail Program.,Excellent access state.
SC,UNKNOWN,UNKNOWN,TRUE,First caller only protected.,Joint Protocol.,Covered.,OTC ~$45,Community Distributor or Pharmacy.,First caller limit; community dist. advised.
SD,2026-06-10,UNKNOWN,TRUE,"SDCL 34-20A-111 protects the caller from possession/use charges if they stay and cooperate — but only ONCE per person, ever.",Statewide standing order.,Covered.,OTC ~$45,Pharmacy or NEXT Distro.,Immunity is one-time-only per person; mail order preferred.
TN,UNKNOWN,UNKNOWN,TRUE,Civil immunity; basic training req.,Standing order.,TennCare covers.,OTC ~$45,Pharmacy or Regional Health Office.,Rural access; use NEXT Distro.
TX,2026-06-10,UNKNOWN,TRUE,Limited to administration liability.,Standing order.,Covered.,OTC ~$45,More Narcan Please shut down Feb 2026. Free mail order + 10 regional hubs now at Naloxone Texas: https://naloxonetexas.com — or pharmacy standing order.,Weak immunity; cost barriers.
UT,2026-03-28,"Legal — Naloxone and other opioid antagonists may be prescribed, dispensed, possessed, and administered under state law and a statewide standing order.",TRUE,"Limited — Affirmative defense for certain possession/paraphernalia charges when someone reports an overdose, stays, and cooperates; not blanket immunity from arrest or all charges.","Statewide standing order plus OTC — Pharmacists can dispense under the standing order, and Narcan and similar products are also sold OTC.",Covered — All forms of opioid antagonists under the standing order are covered by Medicaid without prior authorization for Medicaid patients of record.,OTC ~$45 (varies $35-50),"Pharmacy (standing order or OTC) or free kits from sites listed on Stop the Opidemic and UtahNaloxone.org (health departments, libraries, community partners)",Rural pharmacy access; out‑of‑pocket cost for uninsured people; variable pharmacy stocking; confusion about legal protections and OTC vs prescription routes.
VA,2026-06-10,UNKNOWN,TRUE,"EXPANDED: HB 2117 (eff. July 1, 2025) — good-faith callers and helpers cannot be arrested or prosecuted for personal-use possession. Excludes distribution amounts, felon-in-possession, outstanding warrants.",Statewide standing order.,Covered.,OTC ~$45,"REVIVE! free training + naloxone via local health depts and CSBs: https://dbhds.virginia.gov/behavioral-health/substance-abuse-services/revive/ — or pharmacy, or https://nextdistro.org/virginia",Rural SW VA has dedicated programs.
VT,UNKNOWN,UNKNOWN,TRUE,Strong protections.,Statewide standing order.,Covered.,OTC ~$45,Pharmacy or Health Dept.,Strong laws aid access.
WA,UNKNOWN,UNKNOWN,TRUE,Protects from possession charges.,Standing order.,Covered.,OTC ~$45,Pharmacy or State Mail Program.,State mail program is robust.
WI,UNKNOWN,UNKNOWN,TRUE,Broad emergency immunity.,Standing order.,Covered.,OTC ~$45,Participating Pharmacy.,Check enrolled pharmacy list.
WV,UNKNOWN,UNKNOWN,TRUE,Immunity with treatment requirements.,Standing order.,Covered.,OTC ~$45,Harm Reduction Program or Pharmacy.,Pharmacy barriers; use community sites.
WY,2026-06-10,UNKNOWN,TRUE,"NEW: SF0074 (2025) — last state to adopt immunity. Good-faith callers who stay are protected, up to 2 incidents per 12 months (2nd requires agreeing to treatment).",Pharmacist authority.,Covered.,OTC ~$45,NEW (May 2026): WDH Community Naloxone Resource Map — free Narcan at 30 sites in 22 of 23 counties: https://health.wyo.gov/publichealth/prevention/substanceabuseandsuicide/opioid-information-wyoming/opioid-overdose-response/ — or pharmacy.,Rural; new law improves safety.